{
	"type": "minecraft:entity",
	"pools": [
		{
			"rolls": 1,
			"entries": [
				{
					"type": "minecraft:item",
					"functions": [
						{
							"function": "minecraft:fill_player_head",
							"entity": "this"							
						},
            {
              "function": "set_count",
              "count": {
                "min": 1,
								"max": 1,
								"type": "minecraft:uniform"
							}
						},
						{
							"function": "minecraft:looting_enchant",
							"count": {
								"min": 1.0,
								"max": 1.5
							}
						}
					],
					"name": "minecraft:player_head"
				}
			],
			"conditions": [
				{
					"condition": "minecraft:killed_by_player"
				},
				{
					"condition": "random_chance_with_looting",
					"chance": 0.9,
					"looting_multiplier": 0.1
				}
			]
		}
	]
}